{"metadata":{"asset_id":"2aaf46b6-12ea-42a7-88ff-9d03fdce1a2a","asset_attributes":["data_asset","directory_asset"],"name":"Final Assignment.ipynb","asset_type":"data_asset","created_at":"2024-12-23T08:22:32Z","origin_country":"us","owner_id":"IBMid-693000NHIP","project_id":"809a989a-855e-4b3d-a0de-89cb6e8b1874","size":5882297,"usage":{"last_update_time":1734942152924,"last_updated_at":"2024-12-23T08:22:32Z"}},"entity":{"data_asset":{"mime_type":"application/octet-stream","dataset":false},"directory_asset":{"path":""}},"attachments":[{"id":"5af16b5d-fb05-43d3-9ba5-7b4fd1769e68","version":2,"asset_type":"data_asset","name":"Final Assignment.ipynb","mime":"application/octet-stream","datasource_type":"193a97c1-4475-4a19-b90c-295c4fdc6517","object_key":"Final Assignment.ipynb","creator_id":"IBMid-693000NHIP","create_time":1734942175748,"size":5882297,"is_remote":false,"is_managed":false,"is_referenced":true,"is_object_key_read_only":true,"is_user_provided_path_key":true,"transfer_complete":true,"is_partitioned":false,"complete_time_ticks":1734942175748,"user_data":{},"test_doc":0,"handle":{"bucket":"courseracapstoneproject-donotdelete-pr-g0ohym07ryecdj","location":"eu-de","type":"bluemix_cos","key":"Final Assignment.ipynb","upload_id":"done","max_part_num":1},"usage":{"access_count":0,"last_accessor_id":"IBMid-693000NHIP","last_access_time":1734942175748}}]}
